method,actual_path,backend_status,api_mode_source,msw_mode_source,screen_or_reason,frontend_evidence,backend_evidence
POST,/api/chatbot/sessions,구현·현재 화면 없음,범위 밖,호출 없음,판매자/관리자/콘텐츠/알림/챗봇/구독/결제수단/장인 상세 등 신규 화면 제외; 자리표시자도 미구현 화면으로 분류,src/api/; docs/api-msw-modes.md,src/main/java/com/jangingmall/backend/chatbot/presentation/ChatController.java:30
POST,/api/chatbot/sessions/{sessionId}/messages,구현·현재 화면 없음,범위 밖,호출 없음,판매자/관리자/콘텐츠/알림/챗봇/구독/결제수단/장인 상세 등 신규 화면 제외; 자리표시자도 미구현 화면으로 분류,src/api/; docs/api-msw-modes.md,src/main/java/com/jangingmall/backend/chatbot/presentation/ChatController.java:39
GET,/api/chatbot/sessions/{sessionId}/messages,구현·현재 화면 없음,범위 밖,호출 없음,판매자/관리자/콘텐츠/알림/챗봇/구독/결제수단/장인 상세 등 신규 화면 제외; 자리표시자도 미구현 화면으로 분류,src/api/; docs/api-msw-modes.md,src/main/java/com/jangingmall/backend/chatbot/presentation/ChatController.java:52
DELETE,/api/chatbot/sessions/{sessionId},구현·현재 화면 없음,범위 밖,호출 없음,판매자/관리자/콘텐츠/알림/챗봇/구독/결제수단/장인 상세 등 신규 화면 제외; 자리표시자도 미구현 화면으로 분류,src/api/; docs/api-msw-modes.md,src/main/java/com/jangingmall/backend/chatbot/presentation/ChatController.java:61
POST,/internal/generations/{generationId}/completion,서버 내부/개발용,호출하지 않음,호출 없음,브라우저 호출 대상 아님,src/api/; docs/api-msw-modes.md,src/main/java/com/jangingmall/backend/content/presentation/AiCallbackController.java:33
GET,/api/content/products/{productId}/contents,구현·현재 화면 없음,범위 밖,호출 없음,판매자/관리자/콘텐츠/알림/챗봇/구독/결제수단/장인 상세 등 신규 화면 제외; 자리표시자도 미구현 화면으로 분류,src/api/; docs/api-msw-modes.md,src/main/java/com/jangingmall/backend/content/presentation/ContentController.java:28
GET,/api/content/products/{productId}/contents/versions,구현·현재 화면 없음,범위 밖,호출 없음,판매자/관리자/콘텐츠/알림/챗봇/구독/결제수단/장인 상세 등 신규 화면 제외; 자리표시자도 미구현 화면으로 분류,src/api/; docs/api-msw-modes.md,src/main/java/com/jangingmall/backend/content/presentation/ContentController.java:37
POST,/api/content/products/{productId}/contents/{contentId}/submit,구현·현재 화면 없음,범위 밖,호출 없음,판매자/관리자/콘텐츠/알림/챗봇/구독/결제수단/장인 상세 등 신규 화면 제외; 자리표시자도 미구현 화면으로 분류,src/api/; docs/api-msw-modes.md,src/main/java/com/jangingmall/backend/content/presentation/ContentController.java:46
POST,/api/content/products/{productId}/contents/{contentId}/approve,구현·현재 화면 없음,범위 밖,호출 없음,판매자/관리자/콘텐츠/알림/챗봇/구독/결제수단/장인 상세 등 신규 화면 제외; 자리표시자도 미구현 화면으로 분류,src/api/; docs/api-msw-modes.md,src/main/java/com/jangingmall/backend/content/presentation/ContentController.java:57
POST,/api/content/products/{productId}/contents/{contentId}/reject,구현·현재 화면 없음,범위 밖,호출 없음,판매자/관리자/콘텐츠/알림/챗봇/구독/결제수단/장인 상세 등 신규 화면 제외; 자리표시자도 미구현 화면으로 분류,src/api/; docs/api-msw-modes.md,src/main/java/com/jangingmall/backend/content/presentation/ContentController.java:72
PATCH,/api/content/products/{productId}/contents/{contentId},구현·현재 화면 없음,범위 밖,호출 없음,판매자/관리자/콘텐츠/알림/챗봇/구독/결제수단/장인 상세 등 신규 화면 제외; 자리표시자도 미구현 화면으로 분류,src/api/; docs/api-msw-modes.md,src/main/java/com/jangingmall/backend/content/presentation/ContentController.java:83
PATCH,/api/content/products/{productId}/contents/{contentId}/blocks/{nodeId},구현·현재 화면 없음,범위 밖,호출 없음,판매자/관리자/콘텐츠/알림/챗봇/구독/결제수단/장인 상세 등 신규 화면 제외; 자리표시자도 미구현 화면으로 분류,src/api/; docs/api-msw-modes.md,src/main/java/com/jangingmall/backend/content/presentation/ContentController.java:98
POST,/api/content/products/{productId}/publish,구현·현재 화면 없음,범위 밖,호출 없음,판매자/관리자/콘텐츠/알림/챗봇/구독/결제수단/장인 상세 등 신규 화면 제외; 자리표시자도 미구현 화면으로 분류,src/api/; docs/api-msw-modes.md,src/main/java/com/jangingmall/backend/content/presentation/ContentController.java:112
POST,/api/content/products/{productId}/generations,구현·현재 화면 없음,범위 밖,호출 없음,판매자/관리자/콘텐츠/알림/챗봇/구독/결제수단/장인 상세 등 신규 화면 제외; 자리표시자도 미구현 화면으로 분류,src/api/; docs/api-msw-modes.md,src/main/java/com/jangingmall/backend/content/presentation/GenerationController.java:26
GET,/api/content/products/{productId}/generations/{generationId},구현·현재 화면 없음,범위 밖,호출 없음,판매자/관리자/콘텐츠/알림/챗봇/구독/결제수단/장인 상세 등 신규 화면 제외; 자리표시자도 미구현 화면으로 분류,src/api/; docs/api-msw-modes.md,src/main/java/com/jangingmall/backend/content/presentation/GenerationController.java:44
POST,/api/content/products/{productId}/interview,구현·현재 화면 없음,범위 밖,호출 없음,판매자/관리자/콘텐츠/알림/챗봇/구독/결제수단/장인 상세 등 신규 화면 제외; 자리표시자도 미구현 화면으로 분류,src/api/; docs/api-msw-modes.md,src/main/java/com/jangingmall/backend/content/presentation/InterviewController.java:27
GET,/api/content/products/{productId}/interview,구현·현재 화면 없음,범위 밖,호출 없음,판매자/관리자/콘텐츠/알림/챗봇/구독/결제수단/장인 상세 등 신규 화면 제외; 자리표시자도 미구현 화면으로 분류,src/api/; docs/api-msw-modes.md,src/main/java/com/jangingmall/backend/content/presentation/InterviewController.java:45
PATCH,/api/content/products/{productId}/interview,구현·현재 화면 없음,범위 밖,호출 없음,판매자/관리자/콘텐츠/알림/챗봇/구독/결제수단/장인 상세 등 신규 화면 제외; 자리표시자도 미구현 화면으로 분류,src/api/; docs/api-msw-modes.md,src/main/java/com/jangingmall/backend/content/presentation/InterviewController.java:54
POST,/dev/token,서버 내부/개발용,호출하지 않음,호출 없음,브라우저 호출 대상 아님,src/api/; docs/api-msw-modes.md,src/main/java/com/jangingmall/backend/global/dev/DevAuthController.java:35
POST,/dev/setup,서버 내부/개발용,호출하지 않음,호출 없음,브라우저 호출 대상 아님,src/api/; docs/api-msw-modes.md,src/main/java/com/jangingmall/backend/global/dev/DevAuthController.java:49
POST,/api/images/presigned-url,구현,실제 API,MSW,상품/구매/마이페이지; DTO 검증 후 화면 모델로 변환,src/api/; docs/api-msw-modes.md,src/main/java/com/jangingmall/backend/image/presentation/ImageController.java:34
DELETE,/api/images/{imageId},구현·호출 UI 없음,범위 밖,호출 없음,이미지 정리 API 모듈; 현재 업로드 완료 후 삭제 UI 없음,src/api/; docs/api-msw-modes.md,src/main/java/com/jangingmall/backend/image/presentation/ImageController.java:48
POST,/internal/images/verify,서버 내부/개발용,호출하지 않음,호출 없음,브라우저 호출 대상 아님,src/api/; docs/api-msw-modes.md,src/main/java/com/jangingmall/backend/image/presentation/ImageController.java:54
GET,/api/member/me/addresses,구현,실제 API,MSW,회원·계정·주소; DTO 검증 후 화면 모델로 변환,src/api/; docs/api-msw-modes.md,src/main/java/com/jangingmall/backend/member/presentation/AddressController.java:20
POST,/api/member/me/addresses,구현,실제 API,MSW,회원·계정·주소; DTO 검증 후 화면 모델로 변환,src/api/; docs/api-msw-modes.md,src/main/java/com/jangingmall/backend/member/presentation/AddressController.java:25
PATCH,/api/member/me/addresses/{addressId},구현,실제 API,MSW,회원·계정·주소; DTO 검증 후 화면 모델로 변환,src/api/; docs/api-msw-modes.md,src/main/java/com/jangingmall/backend/member/presentation/AddressController.java:31
DELETE,/api/member/me/addresses/{addressId},구현,실제 API,MSW,회원·계정·주소; DTO 검증 후 화면 모델로 변환,src/api/; docs/api-msw-modes.md,src/main/java/com/jangingmall/backend/member/presentation/AddressController.java:37
GET,/api/member/artisans,구현,실제 API,MSW,홈; DTO 검증 후 화면 모델로 변환,src/api/; docs/api-msw-modes.md,src/main/java/com/jangingmall/backend/member/presentation/ArtisanController.java:18
GET,/api/member/artisans/{artisanId},구현·현재 화면 없음,범위 밖,호출 없음,판매자/관리자/콘텐츠/알림/챗봇/구독/결제수단/장인 상세 등 신규 화면 제외; 자리표시자도 미구현 화면으로 분류,src/api/; docs/api-msw-modes.md,src/main/java/com/jangingmall/backend/member/presentation/ArtisanController.java:28
GET,/api/member/artisans/me,구현·현재 화면 없음,범위 밖,호출 없음,판매자/관리자/콘텐츠/알림/챗봇/구독/결제수단/장인 상세 등 신규 화면 제외; 자리표시자도 미구현 화면으로 분류,src/api/; docs/api-msw-modes.md,src/main/java/com/jangingmall/backend/member/presentation/ArtisanController.java:33
PATCH,/api/member/artisans/me,구현·현재 화면 없음,범위 밖,호출 없음,판매자/관리자/콘텐츠/알림/챗봇/구독/결제수단/장인 상세 등 신규 화면 제외; 자리표시자도 미구현 화면으로 분류,src/api/; docs/api-msw-modes.md,src/main/java/com/jangingmall/backend/member/presentation/ArtisanController.java:38
PATCH,/api/member/me,구현,실제 API,MSW,회원·계정·주소; DTO 검증 후 화면 모델로 변환,src/api/; docs/api-msw-modes.md,src/main/java/com/jangingmall/backend/member/presentation/MemberAccountController.java:19
PATCH,/api/member/me/password,구현,실제 API,MSW,회원·계정·주소; DTO 검증 후 화면 모델로 변환,src/api/; docs/api-msw-modes.md,src/main/java/com/jangingmall/backend/member/presentation/MemberAccountController.java:26
DELETE,/api/member/me,구현,실제 API,MSW,회원·계정·주소; DTO 검증 후 화면 모델로 변환,src/api/; docs/api-msw-modes.md,src/main/java/com/jangingmall/backend/member/presentation/MemberAccountController.java:33
GET,/api/member/settings,구현,실제 API,MSW,회원·계정·주소; DTO 검증 후 화면 모델로 변환,src/api/; docs/api-msw-modes.md,src/main/java/com/jangingmall/backend/member/presentation/MemberActivityController.java:16
PATCH,/api/member/settings,구현,실제 API,MSW,회원·계정·주소; DTO 검증 후 화면 모델로 변환,src/api/; docs/api-msw-modes.md,src/main/java/com/jangingmall/backend/member/presentation/MemberActivityController.java:21
POST,/api/member/recent-views,구현,실제 API,MSW,상품/구매/마이페이지; DTO 검증 후 화면 모델로 변환,src/api/; docs/api-msw-modes.md,src/main/java/com/jangingmall/backend/member/presentation/MemberActivityController.java:26
POST,/api/member/recent-views/merge,구현·현재 화면 없음,범위 밖,호출 없음,판매자/관리자/콘텐츠/알림/챗봇/구독/결제수단/장인 상세 등 신규 화면 제외; 자리표시자도 미구현 화면으로 분류,src/api/; docs/api-msw-modes.md,src/main/java/com/jangingmall/backend/member/presentation/MemberActivityController.java:32
DELETE,/api/member/recent-views,구현·호출 UI 없음,범위 밖,호출 없음,삭제 API 모듈; 최근 본 화면은 조회 중심,src/api/; docs/api-msw-modes.md,src/main/java/com/jangingmall/backend/member/presentation/MemberActivityController.java:38
GET,/api/member/recent-views,구현,실제 API,MSW,상품/구매/마이페이지; DTO 검증 후 화면 모델로 변환,src/api/; docs/api-msw-modes.md,src/main/java/com/jangingmall/backend/member/presentation/MemberActivityController.java:44
POST,/api/member/artisans/{artisanId}/subscribe,구현·현재 화면 없음,범위 밖,호출 없음,판매자/관리자/콘텐츠/알림/챗봇/구독/결제수단/장인 상세 등 신규 화면 제외; 자리표시자도 미구현 화면으로 분류,src/api/; docs/api-msw-modes.md,src/main/java/com/jangingmall/backend/member/presentation/MemberActivityController.java:51
DELETE,/api/member/artisans/{artisanId}/subscribe,구현·현재 화면 없음,범위 밖,호출 없음,판매자/관리자/콘텐츠/알림/챗봇/구독/결제수단/장인 상세 등 신규 화면 제외; 자리표시자도 미구현 화면으로 분류,src/api/; docs/api-msw-modes.md,src/main/java/com/jangingmall/backend/member/presentation/MemberActivityController.java:57
GET,/api/member/artisans/subscriptions,구현·현재 화면 없음,범위 밖,호출 없음,판매자/관리자/콘텐츠/알림/챗봇/구독/결제수단/장인 상세 등 신규 화면 제외; 자리표시자도 미구현 화면으로 분류,src/api/; docs/api-msw-modes.md,src/main/java/com/jangingmall/backend/member/presentation/MemberActivityController.java:63
PATCH,/api/member/artisans/subscriptions/notifications,구현·현재 화면 없음,범위 밖,호출 없음,판매자/관리자/콘텐츠/알림/챗봇/구독/결제수단/장인 상세 등 신규 화면 제외; 자리표시자도 미구현 화면으로 분류,src/api/; docs/api-msw-modes.md,src/main/java/com/jangingmall/backend/member/presentation/MemberActivityController.java:70
POST,/api/member/email/verification-code,구현,실제 API,MSW,회원·계정·주소; DTO 검증 후 화면 모델로 변환,src/api/; docs/api-msw-modes.md,src/main/java/com/jangingmall/backend/member/presentation/MemberController.java:40
POST,/api/member/email/verify,구현,실제 API,MSW,회원·계정·주소; DTO 검증 후 화면 모델로 변환,src/api/; docs/api-msw-modes.md,src/main/java/com/jangingmall/backend/member/presentation/MemberController.java:48
POST,/api/member/signup,구현,실제 API,MSW,회원·계정·주소; DTO 검증 후 화면 모델로 변환,src/api/; docs/api-msw-modes.md,src/main/java/com/jangingmall/backend/member/presentation/MemberController.java:56
POST,/api/member/login,구현,실제 API,MSW,회원·계정·주소; DTO 검증 후 화면 모델로 변환,src/api/; docs/api-msw-modes.md,src/main/java/com/jangingmall/backend/member/presentation/MemberController.java:64
POST,/api/member/token/refresh,구현,실제 API,MSW,회원·계정·주소; DTO 검증 후 화면 모델로 변환,src/api/; docs/api-msw-modes.md,src/main/java/com/jangingmall/backend/member/presentation/MemberController.java:74
POST,/api/member/logout,구현,실제 API,MSW,회원·계정·주소; DTO 검증 후 화면 모델로 변환,src/api/; docs/api-msw-modes.md,src/main/java/com/jangingmall/backend/member/presentation/MemberController.java:87
GET,/api/member/me,구현,실제 API,MSW,회원·계정·주소; DTO 검증 후 화면 모델로 변환,src/api/; docs/api-msw-modes.md,src/main/java/com/jangingmall/backend/member/presentation/MemberController.java:95
GET,/api/member/me/wishes,구현,실제 API,MSW,상품/구매/마이페이지; DTO 검증 후 화면 모델로 변환,src/api/; docs/api-msw-modes.md,src/main/java/com/jangingmall/backend/member/presentation/MemberQueryController.java:27
GET,/api/member/me/wishes/{productId},구현,실제 API,MSW,상품/구매/마이페이지; DTO 검증 후 화면 모델로 변환,src/api/; docs/api-msw-modes.md,src/main/java/com/jangingmall/backend/member/presentation/MemberQueryController.java:36
GET,/api/member/me/orders/summary,구현,실제 API,MSW,상품/구매/마이페이지; DTO 검증 후 화면 모델로 변환,src/api/; docs/api-msw-modes.md,src/main/java/com/jangingmall/backend/member/presentation/MemberQueryController.java:47
GET,/api/member/me/orders,구현,실제 API,MSW,상품/구매/마이페이지; DTO 검증 후 화면 모델로 변환,src/api/; docs/api-msw-modes.md,src/main/java/com/jangingmall/backend/member/presentation/MemberQueryController.java:55
GET,/api/member/me/orders/{orderId},구현,실제 API,MSW,상품/구매/마이페이지; DTO 검증 후 화면 모델로 변환,src/api/; docs/api-msw-modes.md,src/main/java/com/jangingmall/backend/member/presentation/MemberQueryController.java:69
GET,/api/member/me/reviews,구현,실제 API,MSW,상품/구매/마이페이지; DTO 검증 후 화면 모델로 변환,src/api/; docs/api-msw-modes.md,src/main/java/com/jangingmall/backend/member/presentation/MemberQueryController.java:78
GET,/api/member/me/reviews/writable,구현,실제 API,MSW,상품/구매/마이페이지; DTO 검증 후 화면 모델로 변환,src/api/; docs/api-msw-modes.md,src/main/java/com/jangingmall/backend/member/presentation/MemberQueryController.java:87
GET,/api/member/oauth2/kakao,구현,실제 API,MSW,회원·계정·주소; DTO 검증 후 화면 모델로 변환,src/api/; docs/api-msw-modes.md,src/main/java/com/jangingmall/backend/member/presentation/OAuthController.java:23
POST,/api/member/oauth2/exchange,구현,실제 API,MSW,회원·계정·주소; DTO 검증 후 화면 모델로 변환,src/api/; docs/api-msw-modes.md,src/main/java/com/jangingmall/backend/member/presentation/OAuthController.java:28
POST,/api/member/oauth2/complete-profile,구현,실제 API,MSW,회원·계정·주소; DTO 검증 후 화면 모델로 변환,src/api/; docs/api-msw-modes.md,src/main/java/com/jangingmall/backend/member/presentation/OAuthController.java:42
POST,/api/member/artisans/applications,구현·현재 화면 없음,범위 밖,호출 없음,판매자/관리자/콘텐츠/알림/챗봇/구독/결제수단/장인 상세 등 신규 화면 제외; 자리표시자도 미구현 화면으로 분류,src/api/; docs/api-msw-modes.md,src/main/java/com/jangingmall/backend/member/presentation/SellerApplicationController.java:17
GET,/api/member/artisans/applications/me,구현·현재 화면 없음,범위 밖,호출 없음,판매자/관리자/콘텐츠/알림/챗봇/구독/결제수단/장인 상세 등 신규 화면 제외; 자리표시자도 미구현 화면으로 분류,src/api/; docs/api-msw-modes.md,src/main/java/com/jangingmall/backend/member/presentation/SellerApplicationController.java:24
GET,/api/admin/seller-applications,구현·현재 화면 없음,범위 밖,호출 없음,판매자/관리자/콘텐츠/알림/챗봇/구독/결제수단/장인 상세 등 신규 화면 제외; 자리표시자도 미구현 화면으로 분류,src/api/; docs/api-msw-modes.md,src/main/java/com/jangingmall/backend/member/presentation/SellerApplicationController.java:29
GET,/api/admin/seller-applications/{applicationId},구현·현재 화면 없음,범위 밖,호출 없음,판매자/관리자/콘텐츠/알림/챗봇/구독/결제수단/장인 상세 등 신규 화면 제외; 자리표시자도 미구현 화면으로 분류,src/api/; docs/api-msw-modes.md,src/main/java/com/jangingmall/backend/member/presentation/SellerApplicationController.java:37
POST,/api/admin/seller-applications/{applicationId}/approve,구현·현재 화면 없음,범위 밖,호출 없음,판매자/관리자/콘텐츠/알림/챗봇/구독/결제수단/장인 상세 등 신규 화면 제외; 자리표시자도 미구현 화면으로 분류,src/api/; docs/api-msw-modes.md,src/main/java/com/jangingmall/backend/member/presentation/SellerApplicationController.java:42
POST,/api/admin/seller-applications/{applicationId}/reject,구현·현재 화면 없음,범위 밖,호출 없음,판매자/관리자/콘텐츠/알림/챗봇/구독/결제수단/장인 상세 등 신규 화면 제외; 자리표시자도 미구현 화면으로 분류,src/api/; docs/api-msw-modes.md,src/main/java/com/jangingmall/backend/member/presentation/SellerApplicationController.java:47
PATCH,/api/admin/artisans/applications/{applicationId}/pipeline,구현·현재 화면 없음,범위 밖,호출 없음,판매자/관리자/콘텐츠/알림/챗봇/구독/결제수단/장인 상세 등 신규 화면 제외; 자리표시자도 미구현 화면으로 분류,src/api/; docs/api-msw-modes.md,src/main/java/com/jangingmall/backend/member/presentation/SellerApplicationController.java:53
GET,/api/notifications/stream,구현·현재 화면 없음,범위 밖,호출 없음,판매자/관리자/콘텐츠/알림/챗봇/구독/결제수단/장인 상세 등 신규 화면 제외; 자리표시자도 미구현 화면으로 분류,src/api/; docs/api-msw-modes.md,src/main/java/com/jangingmall/backend/notification/presentation/NotificationController.java:36
POST,/api/notifications,서버 내부/개발용,호출하지 않음,호출 없음,브라우저 호출 대상 아님,src/api/; docs/api-msw-modes.md,src/main/java/com/jangingmall/backend/notification/presentation/NotificationController.java:44
GET,/api/notifications,구현·현재 화면 없음,범위 밖,호출 없음,판매자/관리자/콘텐츠/알림/챗봇/구독/결제수단/장인 상세 등 신규 화면 제외; 자리표시자도 미구현 화면으로 분류,src/api/; docs/api-msw-modes.md,src/main/java/com/jangingmall/backend/notification/presentation/NotificationController.java:54
GET,/api/notifications/unread-count,구현·현재 화면 없음,범위 밖,호출 없음,판매자/관리자/콘텐츠/알림/챗봇/구독/결제수단/장인 상세 등 신규 화면 제외; 자리표시자도 미구현 화면으로 분류,src/api/; docs/api-msw-modes.md,src/main/java/com/jangingmall/backend/notification/presentation/NotificationController.java:62
PATCH,/api/notifications/read-all,구현·현재 화면 없음,범위 밖,호출 없음,판매자/관리자/콘텐츠/알림/챗봇/구독/결제수단/장인 상세 등 신규 화면 제외; 자리표시자도 미구현 화면으로 분류,src/api/; docs/api-msw-modes.md,src/main/java/com/jangingmall/backend/notification/presentation/NotificationController.java:70
GET,/api/notifications/{notificationId},구현·현재 화면 없음,범위 밖,호출 없음,판매자/관리자/콘텐츠/알림/챗봇/구독/결제수단/장인 상세 등 신규 화면 제외; 자리표시자도 미구현 화면으로 분류,src/api/; docs/api-msw-modes.md,src/main/java/com/jangingmall/backend/notification/presentation/NotificationController.java:79
PATCH,/api/notifications/{notificationId}/read,구현·현재 화면 없음,범위 밖,호출 없음,판매자/관리자/콘텐츠/알림/챗봇/구독/결제수단/장인 상세 등 신규 화면 제외; 자리표시자도 미구현 화면으로 분류,src/api/; docs/api-msw-modes.md,src/main/java/com/jangingmall/backend/notification/presentation/NotificationController.java:88
DELETE,/api/notifications/{notificationId},구현·현재 화면 없음,범위 밖,호출 없음,판매자/관리자/콘텐츠/알림/챗봇/구독/결제수단/장인 상세 등 신규 화면 제외; 자리표시자도 미구현 화면으로 분류,src/api/; docs/api-msw-modes.md,src/main/java/com/jangingmall/backend/notification/presentation/NotificationController.java:98
GET,/api/payments/methods,구현·현재 화면 없음,범위 밖,호출 없음,판매자/관리자/콘텐츠/알림/챗봇/구독/결제수단/장인 상세 등 신규 화면 제외; 자리표시자도 미구현 화면으로 분류,src/api/; docs/api-msw-modes.md,src/main/java/com/jangingmall/backend/payment/presentation/PaymentController.java:51
POST,/api/payments/methods,구현·현재 화면 없음,범위 밖,호출 없음,판매자/관리자/콘텐츠/알림/챗봇/구독/결제수단/장인 상세 등 신규 화면 제외; 자리표시자도 미구현 화면으로 분류,src/api/; docs/api-msw-modes.md,src/main/java/com/jangingmall/backend/payment/presentation/PaymentController.java:58
DELETE,/api/payments/methods/{paymentMethodId},구현·현재 화면 없음,범위 밖,호출 없음,판매자/관리자/콘텐츠/알림/챗봇/구독/결제수단/장인 상세 등 신규 화면 제외; 자리표시자도 미구현 화면으로 분류,src/api/; docs/api-msw-modes.md,src/main/java/com/jangingmall/backend/payment/presentation/PaymentController.java:67
POST,/api/payments/refund-account,구현·현재 화면 없음,범위 밖,호출 없음,판매자/관리자/콘텐츠/알림/챗봇/구독/결제수단/장인 상세 등 신규 화면 제외; 자리표시자도 미구현 화면으로 분류,src/api/; docs/api-msw-modes.md,src/main/java/com/jangingmall/backend/payment/presentation/PaymentController.java:74
GET,/api/payments/cart,구현,실제 API,MSW,상품/구매/마이페이지; DTO 검증 후 화면 모델로 변환,src/api/; docs/api-msw-modes.md,src/main/java/com/jangingmall/backend/payment/presentation/PaymentController.java:83
POST,/api/payments/cart/items,구현,실제 API,MSW,상품/구매/마이페이지; DTO 검증 후 화면 모델로 변환,src/api/; docs/api-msw-modes.md,src/main/java/com/jangingmall/backend/payment/presentation/PaymentController.java:89
PATCH,/api/payments/cart/items/{cartItemId},구현,실제 API,MSW,상품/구매/마이페이지; DTO 검증 후 화면 모델로 변환,src/api/; docs/api-msw-modes.md,src/main/java/com/jangingmall/backend/payment/presentation/PaymentController.java:99
DELETE,/api/payments/cart/items/{cartItemId},구현,실제 API,MSW,상품/구매/마이페이지; DTO 검증 후 화면 모델로 변환,src/api/; docs/api-msw-modes.md,src/main/java/com/jangingmall/backend/payment/presentation/PaymentController.java:109
DELETE,/api/payments/cart/items,구현,실제 API,MSW,상품/구매/마이페이지; DTO 검증 후 화면 모델로 변환,src/api/; docs/api-msw-modes.md,src/main/java/com/jangingmall/backend/payment/presentation/PaymentController.java:117
POST,/api/payments/cart/merge,구현,실제 API,MSW,상품/구매/마이페이지; DTO 검증 후 화면 모델로 변환,src/api/; docs/api-msw-modes.md,src/main/java/com/jangingmall/backend/payment/presentation/PaymentController.java:124
PATCH,/api/payments/cart/items/{cartItemId}/options,구현·제한,MSW,MSW,옵션 정의·추가금액 미제공: 장바구니 전체를 시연 복사,src/api/; docs/api-msw-modes.md,src/main/java/com/jangingmall/backend/payment/presentation/PaymentController.java:133
POST,/api/payments/orders,구현,실제 API,MSW,상품/구매/마이페이지; DTO 검증 후 화면 모델로 변환,src/api/; docs/api-msw-modes.md,src/main/java/com/jangingmall/backend/payment/presentation/PaymentController.java:143
POST,/api/payments,구현,실제 API,MSW,상품/구매/마이페이지; DTO 검증 후 화면 모델로 변환,src/api/; docs/api-msw-modes.md,src/main/java/com/jangingmall/backend/payment/presentation/PaymentController.java:152
POST,/api/payments/confirm,구현,실제 API,MSW,상품/구매/마이페이지; DTO 검증 후 화면 모델로 변환,src/api/; docs/api-msw-modes.md,src/main/java/com/jangingmall/backend/payment/presentation/PaymentController.java:163
POST,/api/payments/webhooks/toss,서버 내부/개발용,호출하지 않음,호출 없음,브라우저 호출 대상 아님,src/api/; docs/api-msw-modes.md,src/main/java/com/jangingmall/backend/payment/presentation/PaymentController.java:169
POST,/api/payments/fail,구현,실제 API,MSW,상품/구매/마이페이지; DTO 검증 후 화면 모델로 변환,src/api/; docs/api-msw-modes.md,src/main/java/com/jangingmall/backend/payment/presentation/PaymentController.java:175
POST,/api/payments/{paymentId}/cancel,구현·현재 화면 없음,범위 밖,호출 없음,판매자/관리자/콘텐츠/알림/챗봇/구독/결제수단/장인 상세 등 신규 화면 제외; 자리표시자도 미구현 화면으로 분류,src/api/; docs/api-msw-modes.md,src/main/java/com/jangingmall/backend/payment/presentation/PaymentController.java:181
POST,/api/payments/orders/{orderId}/cancel,구현,실제 API,MSW,상품/구매/마이페이지; DTO 검증 후 화면 모델로 변환,src/api/; docs/api-msw-modes.md,src/main/java/com/jangingmall/backend/payment/presentation/PaymentController.java:188
PATCH,/api/payments/orders/{orderId}/shipping-address,구현,실제 API,MSW,상품/구매/마이페이지; DTO 검증 후 화면 모델로 변환,src/api/; docs/api-msw-modes.md,src/main/java/com/jangingmall/backend/payment/presentation/PaymentController.java:197
POST,/api/payments/orders/{orderId}/purchase-confirmation,구현,실제 API,MSW,상품/구매/마이페이지; DTO 검증 후 화면 모델로 변환,src/api/; docs/api-msw-modes.md,src/main/java/com/jangingmall/backend/payment/presentation/PaymentController.java:206
GET,/api/payments/orders/{orderId}/delivery,구현,실제 API,MSW,상품/구매/마이페이지; DTO 검증 후 화면 모델로 변환,src/api/; docs/api-msw-modes.md,src/main/java/com/jangingmall/backend/payment/presentation/PaymentController.java:214
POST,/api/payments/returns,구현,실제 API,MSW,상품/구매/마이페이지; DTO 검증 후 화면 모델로 변환,src/api/; docs/api-msw-modes.md,src/main/java/com/jangingmall/backend/payment/presentation/PaymentController.java:219
GET,/api/products/categories,구현,실제 API,MSW,상품/구매/마이페이지; DTO 검증 후 화면 모델로 변환,src/api/; docs/api-msw-modes.md,src/main/java/com/jangingmall/backend/product/presentation/CategoryController.java:21
GET,/api/products/categories/main,구현·현재 화면 없음,범위 밖,호출 없음,판매자/관리자/콘텐츠/알림/챗봇/구독/결제수단/장인 상세 등 신규 화면 제외; 자리표시자도 미구현 화면으로 분류,src/api/; docs/api-msw-modes.md,src/main/java/com/jangingmall/backend/product/presentation/CategoryController.java:26
GET,/api/products/subcategories,구현,실제 API,MSW,상품/구매/마이페이지; DTO 검증 후 화면 모델로 변환,src/api/; docs/api-msw-modes.md,src/main/java/com/jangingmall/backend/product/presentation/CategoryController.java:31
GET,/api/products/materials,구현,실제 API,MSW,상품/구매/마이페이지; DTO 검증 후 화면 모델로 변환,src/api/; docs/api-msw-modes.md,src/main/java/com/jangingmall/backend/product/presentation/CategoryController.java:36
POST,/api/products,구현·현재 화면 없음,범위 밖,호출 없음,판매자/관리자/콘텐츠/알림/챗봇/구독/결제수단/장인 상세 등 신규 화면 제외; 자리표시자도 미구현 화면으로 분류,src/api/; docs/api-msw-modes.md,src/main/java/com/jangingmall/backend/product/presentation/ProductController.java:43
GET,/api/products/me,구현·현재 화면 없음,범위 밖,호출 없음,판매자/관리자/콘텐츠/알림/챗봇/구독/결제수단/장인 상세 등 신규 화면 제외; 자리표시자도 미구현 화면으로 분류,src/api/; docs/api-msw-modes.md,src/main/java/com/jangingmall/backend/product/presentation/ProductController.java:68
GET,/api/products,구현,실제 API,MSW,상품/구매/마이페이지; DTO 검증 후 화면 모델로 변환,src/api/; docs/api-msw-modes.md,src/main/java/com/jangingmall/backend/product/presentation/ProductController.java:77
GET,/api/products/{productId},구현,실제 API,MSW,상품/구매/마이페이지; DTO 검증 후 화면 모델로 변환,src/api/; docs/api-msw-modes.md,src/main/java/com/jangingmall/backend/product/presentation/ProductController.java:97
PATCH,/api/products/{productId},구현·현재 화면 없음,범위 밖,호출 없음,판매자/관리자/콘텐츠/알림/챗봇/구독/결제수단/장인 상세 등 신규 화면 제외; 자리표시자도 미구현 화면으로 분류,src/api/; docs/api-msw-modes.md,src/main/java/com/jangingmall/backend/product/presentation/ProductController.java:102
PATCH,/api/products/{productId}/status,구현·현재 화면 없음,범위 밖,호출 없음,판매자/관리자/콘텐츠/알림/챗봇/구독/결제수단/장인 상세 등 신규 화면 제외; 자리표시자도 미구현 화면으로 분류,src/api/; docs/api-msw-modes.md,src/main/java/com/jangingmall/backend/product/presentation/ProductController.java:128
DELETE,/api/products/{productId},구현·현재 화면 없음,범위 밖,호출 없음,판매자/관리자/콘텐츠/알림/챗봇/구독/결제수단/장인 상세 등 신규 화면 제외; 자리표시자도 미구현 화면으로 분류,src/api/; docs/api-msw-modes.md,src/main/java/com/jangingmall/backend/product/presentation/ProductController.java:139
POST,/api/products/{productId}/wish,구현,실제 API,MSW,상품/구매/마이페이지; DTO 검증 후 화면 모델로 변환,src/api/; docs/api-msw-modes.md,src/main/java/com/jangingmall/backend/product/presentation/ProductController.java:149
DELETE,/api/products/{productId}/wish,구현,실제 API,MSW,상품/구매/마이페이지; DTO 검증 후 화면 모델로 변환,src/api/; docs/api-msw-modes.md,src/main/java/com/jangingmall/backend/product/presentation/ProductController.java:159
GET,/api/products/{productId}/questions,구현·제한,MSW,MSW,비밀문의 답변 노출: 조회/작성 함께 MSW 격리,src/api/; docs/api-msw-modes.md,src/main/java/com/jangingmall/backend/product/presentation/ProductController.java:169
POST,/api/products/{productId}/questions,구현·제한,MSW,MSW,실제 API 존재; 안전한 목록 계약 부재로 문의 전체 MSW 격리,src/api/; docs/api-msw-modes.md,src/main/java/com/jangingmall/backend/product/presentation/ProductController.java:178
POST,/api/products/{productId}/questions/{questionId}/answer,구현·현재 화면 없음,범위 밖,호출 없음,판매자/관리자/콘텐츠/알림/챗봇/구독/결제수단/장인 상세 등 신규 화면 제외; 자리표시자도 미구현 화면으로 분류,src/api/; docs/api-msw-modes.md,src/main/java/com/jangingmall/backend/product/presentation/ProductController.java:191
GET,/api/products/{productId}/reviews,구현,실제 API,MSW,상품/구매/마이페이지; DTO 검증 후 화면 모델로 변환,src/api/; docs/api-msw-modes.md,src/main/java/com/jangingmall/backend/product/presentation/ProductController.java:205
POST,/api/products/{productId}/reviews,구현,실제 API,MSW,상품/구매/마이페이지; DTO 검증 후 화면 모델로 변환,src/api/; docs/api-msw-modes.md,src/main/java/com/jangingmall/backend/product/presentation/ProductController.java:213
